,SubjectId,RunId,Annotation,AnnotationType,Comment,start,end
0,52,1,Sync,Event,,1527700253.657,1527700255.947
1,52,1,hallway forward,Section,,1527700316.12,1527700365.216
2,52,1,wheel behind,Event,,1527700353.138,1527700358.154
3,52,1,wheel behind,Event,,1527700376.175,1527700380.165
4,52,1,pause,Event,,1527700387.084,1527700413.564
5,52,1,wheel behind,Event,,1527700413.564,1527700420.735
6,52,1,lobby forward,Section,,1527700416.366,1527700476.8
7,52,1,wheel behind,Event,,1527700455.716,1527700460.977
8,52,1,wheel behind,Event,,1527700466.422,1527700468.779
9,52,1,outside forward,Section,,1527700476.8,1527700525.872
10,52,1,other,Event,turn around,1527700525.88,1527700531.587
11,52,1,outside back,Section,,1527700531.595,1527700586.028
12,52,1,lobby back,Section,,1527700586.028,1527700662.311
13,52,1,pause,Event,,1527700637.447,1527700653.524
14,52,1,wheel behind,Event,,1527700653.524,1527700672.782
15,52,1,pause,Event,,1527700672.782,1527700691.611
16,52,1,hallway back,Section,,1527700705.398,1527700762.701
17,52,2,Sync,Event,,1527700843.603,1527700845.615
18,52,2,hallway forward,Section,,1527700884.367,1527700930.854
19,52,2,wheel behind,Event,,1527700908.397,1527700908.406
20,52,2,blind,Event,,1527700908.406,1527700925.475
21,52,2,pause,Event,,1527700937.781,1527700950.524
22,52,2,pause,Event,,1527700958.184,1527700983.334
23,52,2,lobby forward,Section,,1527700987.155,1527701047.303
24,52,2,outside forward,Section,,1527701047.303,1527701097.527
25,52,2,other,Event,,1527701097.536,1527701101.332
26,52,2,outside back,Section,,1527701101.904,1527701152.608
27,52,2,lobby back,Section,,1527701152.608,1527701263.149
28,52,2,wheel behind,Event,,1527701213.404,1527701222.764
29,52,2,pause,Event,,1527701222.764,1527701248.318
30,52,2,hallway back,Section,,1527701263.149,1527701325.039
31,78,1,Sync,Event,,1525795196.106,1525795197.908
32,78,1,hallway forward,Section,,1525795278.453,1525795319.323
33,78,1,blind,Event,,1525795319.26,1525795321.262
34,78,1,wheel behind,Event,,1525795321.295,1525795327.001
35,78,1,pause,Event,,1525795327.034,1525795350.858
36,78,1,pause,Event,,1525795358.899,1525795386.359
37,78,1,wheel behind,Event,,1525795387.627,1525795409.949
38,78,1,lobby forward,Section,,1525795388.728,1525795439.378
39,78,1,blind,Event,,1525795400.239,1525795402.441
40,78,1,blind,Event,,1525795423.263,1525795425.733
41,78,1,outside forward,Section,,1525795439.378,1525795532.202
42,78,1,pause,Event,,1525795446.818,1525795479.117
43,78,1,pause,Event,,1525795515.423,1525795532.168
44,78,1,outside back,Section,,1525795532.202,1525795565.201
45,78,1,lobby back,Section,,1525795565.201,1525795610.779
46,78,1,wheel behind,Event,,1525795573.642,1525795579.381
47,78,1,wheel behind,Event,,1525795591.86,1525795596.298
48,78,1,hallway back,Section,,1525795650.951,1525795696.629
49,78,2,Sync,Event,,1525796000.926,1525796002.861
50,78,2,hallway forward,Section,,1525796048.178,1525796098.088
51,78,2,other,Event,Turn around,1525796112.055,1525796127.806
52,78,2,hallway back,Section,,1525796136.383,1525796186.862
53,145,1,Sync,Event,,1525940309.231,1525940310.75
54,145,1,hallway forward,Section,,1525940385.895,1525940494.513
55,145,1,blind,Event,,1525940390.551,1525940391.968
56,145,1,pause,Event,,1525940392.238,1525940406.883
57,145,1,wheel behind,Event,,1525940419.266,1525940422.911
58,145,1,pause,Event,Wrong turn,1525940475.314,1525940484.982
59,145,1,pause,Event,,1525940512.802,1525940533.463
60,145,1,lobby forward,Section,,1525940537.401,1525940598.203
61,145,1,blind,Event,,1525940584.708,1525940585.822
62,145,1,blind,Event,,1525940586.328,1525940586.8
63,145,1,outside forward,Section,,1525940598.202,1525940676.622
64,145,1,outside stairs,Event,,1525940651.282,1525940656.822
65,145,1,ramp,Section,,1525940676.622,1525940695.082
66,145,1,outside back,Section,,1525940695.082,1525940734.263
67,145,1,lobby back,Section,,1525940734.263,1525940816.453
68,145,1,pause,Event,,1525940792.059,1525940814.769
69,145,1,pause,Event,,1525940822.09,1525940843.032
70,145,1,hallway back,Section,,1525940859.039,1525940915.897
71,145,2,Sync,Event,,1525941293.621,1525941295.409
72,145,2,hallway forward,Section,,1525941342.109,1525941389.788
73,145,2,pause,Event,,1525941404.804,1525941428.66
74,145,2,lobby forward,Section,,1525941431.832,1525941484.573
75,145,2,outside forward,Section,,1525941484.573,1525941553.408
76,145,2,outside stairs,Event,,1525941529.991,1525941535.997
77,145,2,ramp,Section,,1525941553.408,1525941574.599
78,145,2,outside back,Section,,1525941574.599,1525941620.186
79,145,2,wheel behind,Event,,1525941596.903,1525941602.639
80,145,2,wheel behind,Event,,1525941604.124,1525941609.185
81,145,2,lobby back,Section,,1525941620.186,1525941670.834
82,145,2,wheel behind,Event,,1525941633.345,1525941635.1
83,145,2,pause,Event,,1525941674.039,1525941694.049
84,145,2,hallway back,Section,,1525941710.212,1525941756.777
85,161,1,Sync,Event,,1526486570.048,1526486571.829
86,161,1,hallway forward,Section,,1526486660.759,1526486699.332
87,161,1,wheel behind,Event,,1526486668.944,1526486684.479
88,161,1,wheel behind,Event,,1526486693.762,1526486700.545
89,161,1,wheel behind,Event,,1526486714.489,1526486735.746
90,161,1,lobby forward,Section,,1526486734.95,1526486765.149
91,161,1,outside forward,Section,,1526486765.149,1526486822.706
92,161,1,outside stairs,Event,,1526486803.154,1526486808.307
93,161,1,ramp,Section,,1526486822.706,1526486837.748
94,161,1,outside back,Section,,1526486837.748,1526486874.957
95,161,1,wheel behind,Event,,1526486840.476,1526486858.361
96,161,1,lobby back,Section,,1526486874.957,1526486908.188
97,161,1,wheel behind,Event,,1526486888.787,1526486893.259
98,161,1,wheel behind,Event,,1526486900.988,1526486949.64
99,161,1,hallway back,Section,,1526486946.912,1526486986.395
100,161,2,Sync,Event,,1526487456.416,1526487457.894
101,161,2,hallway forward,Section,,1526487501.388,1526487548.747
102,161,2,wheel behind,Event,,1526487534.35,1526487555.794
103,161,2,wheel behind,Event,,1526487562.5,1526487586.179
104,161,2,lobby forward,Section,,1526487586.217,1526487622.816
105,161,2,other,Event,turn around,1526487618.042,1526487622.134
106,161,2,lobby back,Section,,1526487622.816,1526487659.907
107,161,2,wheel behind,Event,,1526487653.428,1526487735.037
108,161,2,hallway back,Section,,1526487700.674,1526487742.88
109,161,3,Sync,Event,,1526488166.456,1526488168.728
110,161,3,hallway forward,Section,,1526488217.567,1526488253.912
111,161,3,wheel behind,Event,,1526488235.626,1526488253.988
112,161,3,wheel behind,Event,,1526488265.157,1526488285.98
113,161,3,lobby forward,Section,,1526488283.784,1526488317.593
114,161,3,wheel behind,Event,,1526488296.921,1526488299.648
115,161,3,other,Event,turn around,1526488312.254,1526488329.405
116,161,3,lobby back,Section,,1526488317.593,1526488344.473
117,161,3,wheel behind,Event,,1526488329.405,1526488334.63
118,161,3,wheel behind,Event,,1526488339.589,1526488387.293
119,161,3,hallway back,Section,,1526488379.835,1526488417.884
120,181,2,Sync,Event,,1531321789.61,1531321790.944
121,181,2,hallway forward,Section,,1531321858.844,1531321909.927
122,181,2,pause,Event,,1531321922.006,1531321928.646
123,181,2,blind,Event,,1531321928.646,1531321931.849
124,181,2,wheel behind,Event,,1531321931.849,1531321937.955
125,181,2,blind,Event,,1531321937.955,1531321948.632
126,181,2,pause,Event,,1531321948.632,1531322004.019
127,181,2,pause,Event,,1531322007.323,1531322034.583
128,181,2,blind,Event,,1531322034.583,1531322035.484
129,181,2,wheel behind,Event,,1531322035.484,1531322037.419
130,181,2,lobby forward,Section,,1531322036.118,1531322085.766
131,181,2,outside forward,Section,,1531322085.766,1531322154.5
132,181,2,outside stairs,Event,,1531322131.044,1531322137.584
133,181,2,ramp,Section,,1531322154.5,1531322172.151
134,181,2,outside back,Section,,1531322172.151,1531322214.859
135,181,2,lobby back,Section,,1531322214.859,1531322310.086
136,181,2,blind,Event,,1531322262.206,1531322266.944
137,181,2,pause,Event,,1531322270.881,1531322296.005
138,181,2,wheel behind,Event,,1531322296.005,1531322301.411
139,181,2,hallway back,Section,,1531322310.086,1531322351.339
140,290,1,Sync,Event,,1530258684.597,1530258687.745
141,290,1,hallway forward,Section,,1530258763.161,1530258805.944
142,290,1,wheel behind,Event,,1530258819.572,1530258836.363
143,290,1,lobby forward,Section,,1530258836.355,1530258868.306
144,290,1,wheel behind,Event,,1530258849.014,1530258849.023
145,290,1,other,Event,wrong turn,1530258849.023,1530258851.994
146,290,1,outside forward,Section,,1530258868.306,1530258935.928
147,290,1,outside stairs,Event,,1530258907.277,1530258912.924
148,290,1,wheel behind,Event,,1530258924.843,1530258927.225
149,290,1,blind,Event,,1530258927.225,1530258929.758
150,290,1,ramp,Section,,1530258935.928,1530258950.902
151,290,1,outside back,Section,,1530258950.902,1530258985.976
152,290,1,lobby back,Section,,1530258985.976,1530259012.22
153,290,1,pause,Event,,1530259014.425,1530259029.643
154,290,1,pause,Event,,1530259056.274,1530259067.208
155,290,1,hallway back,Section,,1530259083.773,1530259125.883
156,290,2,Sync,Event,,1530259570.589,1530259573.274
157,290,2,hallway forward,Section,,1530259615.94,1530259659.077
158,290,2,wheel behind,Event,,1530259673.941,1530259678.915
159,290,2,lobby forward,Section,,1530259690.926,1530259719.157
160,290,2,outside forward,Section,,1530259719.157,1530259771.216
161,290,2,other,Event,turn around,1530259769.003,1530259771.208
162,290,2,wheel behind,Event,,1530259771.208,1530259773.455
163,290,2,outside back,Section,,1530259771.216,1530259810.313
164,290,2,lobby back,Section,,1530259810.313,1530259838.047
165,290,2,pause,Event,,1530259850.193,1530259861.842
166,290,2,pause,Event,,1530259888.499,1530259891.621
167,290,2,hallway back,Section,,1530259900.156,1530259941.997
168,298,1,Sync,Event,,1526565288.033,1526565289.889
169,298,1,hallway forward,Section,,1526565376.676,1526565429.99
170,298,1,pause,Event,,1526565453.003,1526565479.93
171,298,1,lobby forward,Section,,1526565482.832,1526565535.808
172,298,1,outside forward,Section,,1526565535.808,1526565622.595
173,298,1,other,Event,turn aroond,1526565576.84,1526565581.901
174,298,1,wheel behind,Event,,1526565581.901,1526565584.263
175,298,1,lobby back,Section,,1526565622.595,1526565670.949
176,298,1,wheel behind,Event,,1526565648.982,1526565654.347
177,298,1,pause,Event,,1526565673.378,1526565707.088
178,298,1,wheel behind,Event,,1526565708.775,1526565712.993
179,298,1,hallway back,Section,,1526565721.158,1526565764.653
180,298,2,Sync,Event,,1526566692.388,1526566694.042
181,298,2,hallway forward,Section,,1526566744.555,1526566794.09
182,298,2,wheel behind,Event,,1526566794.697,1526566804.989
183,298,2,pause,Event,,1526566804.989,1526566815.787
184,298,2,wheel behind,Event,,1526566815.787,1526566827.9
185,298,2,pause,Event,,1526566827.9,1526566855.03
186,298,2,wheel behind,Event,,1526566855.03,1526566862.082
187,298,2,lobby forward,Section,,1526566857.527,1526566908.58
188,298,2,wheel behind,Event,,1526566864.613,1526566867.852
189,298,2,wheel behind,Event,,1526566891.675,1526566897.816
190,298,2,outside forward,Section,,1526566908.58,1526566916.239
191,298,2,other,Event,turn around,1526566916.273,1526566920.289
192,298,2,outside back,Section,,1526566920.322,1526566926.666
193,298,2,lobby back,Section,,1526566926.666,1526567023.441
194,298,2,wheel behind,Event,,1526566935.473,1526566945.731
195,298,2,wheel behind,Event,,1526566953.897,1526566960.949
196,298,2,pause,Event,,1526566983.692,1526567009.066
197,298,2,hallway back,Section,,1526567023.441,1526567066.699
198,298,2,wheel behind,Event,,1526567030.527,1526567039.671
199,314,1,Sync,Event,,1525942872.673,1525942874.09
200,314,1,hallway forward,Section,,1525942948.223,1525942987.028
201,314,1,wheel behind,Event,,1525943001.402,1525943016.991
202,314,1,lobby forward,Section,,1525943017.025,1525943043.412
203,314,1,outside forward,Section,,1525943043.412,1525943097.907
204,314,1,outside stairs,Event,,1525943079.855,1525943083.904
205,314,1,ramp,Section,,1525943097.907,1525943112.653
206,314,1,outside back,Section,,1525943112.653,1525943150.614
207,314,1,lobby back,Section,,1525943150.614,1525943178.182
208,314,1,wheel behind,Event,,1525943178.148,1525943220.765
209,314,1,hallway back,Section,,1525943217.526,1525943257.039
210,314,2,Sync,Event,,1525943378.707,1525943380.809
211,314,2,hallway forward,Section,,1525943439.934,1525943485.245
212,314,2,wheel behind,Event,,1525943471.632,1525943477.104
213,314,2,wheel behind,Event,,1525943497.857,1525943519.445
214,314,2,lobby forward,Section,,1525943516.676,1525943548.841
215,314,2,wheel behind,Event,,1525943538.564,1525943541.367
216,314,2,outside forward,Section,,1525943548.841,1525943606.33
217,314,2,wheel behind,Event,,1525943587.812,1525943588.646
218,314,2,outside stairs,Event,,1525943588.646,1525943593.251
219,314,2,wheel behind,Event,,1525943593.284,1525943596.32
220,314,2,ramp,Section,,1525943606.33,1525943622.413
221,314,2,outside back,Section,,1525943622.413,1525943661.284
222,314,2,wheel behind,Event,,1525943624.348,1525943625.983
223,314,2,wheel behind,Event,,1525943635.292,1525943638.028
224,314,2,lobby back,Section,,1525943661.284,1525943688.144
225,314,2,wheel behind,Event,,1525943671.461,1525943680.736
226,314,2,wheel behind,Event,,1525943684.84,1525943722.144
227,314,2,hallway back,Section,,1525943724.746,1525943768.556
228,317,1,Sync,Event,,1527761545.035,1527761546.659
229,317,1,hallway forward,Section,,1527761590.865,1527761660.289
230,317,1,other,Event,turn,1527761672.502,1527761674.766
231,317,1,pause,Event,,1527761684.429,1527761704.318
232,317,1,lobby forward,Section,,1527761706.22,1527761762.235
233,317,1,outside forward,Section,,1527761762.235,1527761813.815
234,317,1,other,Event,turn around,1527761809.581,1527761813.806
235,317,1,outside back,Section,,1527761813.815,1527761862.137
236,317,1,lobby back,Section,,1527761862.137,1527761891.941
237,317,1,wheel behind,Event,,1527761891.933,1527761921.712
238,317,1,hallway back,Section,,1527761920.938,1527761968.502
239,339,1,Sync,Event,,1527184914.917,1527184916.693
240,339,1,hallway forward,Section,,1527185004.828,1527185061.609
241,339,1,other,Event,turn around,1527185083.88,1527185088.854
242,339,1,wheel behind,Event,,1527185104.207,1527185108.171
243,339,1,hallway back,Section,,1527185110.158,1527185161.545
244,339,2,Sync,Event,,1527185299.149,1527185300.504
245,339,2,hallway forward,Section,,1527185337.059,1527185385.179
246,339,2,other,Event,turn around,1527185404.858,1527185408.645
247,339,2,wheel behind,Event,,1527185408.654,1527185411.196
248,339,2,hallway back,Section,,1527185429.974,1527185479.458
249,390,1,Sync,Event,,1525945774.997,1525945776.549
250,390,1,hallway forward,Section,,1525945850.008,1525945902.445
251,390,1,blind,Event,camera loose,1525945885.202,1525945888.677
252,390,1,other,Event,turn around,1525945908.721,1525945911.252
253,390,1,wheel behind,Event,,1525945911.319,1525945956.805
254,390,1,hallway back,Section,,1525945915.571,1525945963.553
255,390,1,wheel behind,Event,,1525945918.27,1525945938.28
256,390,2,Sync,Event,,1525946518.678,1525946520.568
257,390,2,hallway forward,Section,,1525946563.791,1525946610.693
258,390,2,other,Event,turn around,1525946617.205,1525946621.625
259,390,2,wheel behind,Event,,1525946621.625,1525946624.122
260,390,2,hallway back,Section,,1525946628.171,1525946675.848
261,473,1,Sync,Event,,1525280177.507,1525280179.869
262,473,1,hallway forward,Section,,1525280321.118,1525280399.94
263,473,1,wheel behind,Event,,1525280403.855,1525280407.195
264,473,1,pause,Event,,1525280426.294,1525280449.34
265,473,1,lobby forward,Section,,1525280453.997,1525280546.722
266,473,1,wheel behind,Event,,1525280522.191,1525280530.964
267,473,1,outside forward,Section,,1525280546.722,1525280567.913
268,473,1,other,Event,turn around,1525280573.143,1525280583.401
269,473,1,outside back,Section,,1525280583.435,1525280603.411
270,473,1,lobby back,Section,,1525280603.411,1525280702.042
271,473,1,wheel behind,Event,,1525280626.626,1525280643.801
272,473,1,wheel behind,Event,,1525280686.217,1525280690.94
273,473,1,wheel behind,Event,,1525280699.444,1525280705.078
274,473,1,pause,Event,,1525280705.078,1525280739.16
275,473,1,wheel behind,Event,,1525280741.959,1525280752.251
276,473,1,hallway back,Section,,1525280762.509,1525280849.736
277,473,2,Sync,Event,,1525281507.859,1525281508.993
278,473,2,hallway forward,Section,,1525281586.869,1525281630.479
279,473,2,lobby forward,Section,,1525281674.322,1525281701.649
280,473,2,outside forward,Section,,1525281701.649,1525281762.908
281,473,2,outside stairs,Event,,1525281740.987,1525281747.26
282,473,2,ramp,Section,,1525281762.908,1525281780.526
283,473,2,outside back,Section,,1525281780.526,1525281818.196
284,473,2,lobby back,Section,,1525281818.196,1525281850.161
285,473,2,hallway back,Section,,1525281891.735,1525281932.107
286,481,1,Sync,Event,,1530256124.957,1530256127.255
287,481,1,hallway forward,Section,,1530256181.873,1530256230.877
288,481,1,wheel behind,Event,,1530256235.279,1530256239.42
289,481,1,pause,Event,,1530256239.428,1530256269.797
290,481,1,wheel behind,Event,,1530256276.808,1530256304.879
291,481,1,lobby forward,Section,,1530256306.192,1530256354.152
292,481,1,outside forward,Section,,1530256354.152,1530256396.784
293,481,1,other,Event,turn around,1530256393.973,1530256396.776
294,481,1,outside back,Section,,1530256396.784,1530256432.43
295,481,1,lobby back,Section,,1530256432.43,1530256515.582
296,481,1,pause,Event,,1530256475.635,1530256512.442
297,481,1,pause,Event,,1530256518.923,1530256543.248
298,481,1,wheel behind,Event,,1530256543.248,1530256547.297
299,481,1,hallway back,Section,,1530256555.672,1530256597.008
300,481,2,Sync,Event,,1530257095.536,1530257098.617
301,481,2,hallway forward,Section,,1530257162.795,1530257209.12
302,481,2,pause,Event,,1530257219.264,1530257229.837
303,481,2,pause,Event,,1530257237.884,1530257263.972
304,481,2,lobby forward,Section,,1530257265.815,1530257305.178
305,481,2,other,Event,turn around,1530257305.169,1530257310.843
306,481,2,lobby back,Section,,1530257310.851,1530257348.993
307,481,2,pause,Event,,1530257351.3,1530257382.75
308,481,2,hallway back,Section,,1530257397.548,1530257443.46
309,491,1,Sync,Event,,1527094484.804,1527094486.303
310,491,1,hallway forward,Section,,1527094533.764,1527094583.86
311,491,1,wheel behind,Event,,1527094598.488,1527094620.34
312,491,1,lobby forward,Section,,1527094617.831,1527094646.79
313,491,1,outside forward,Section,,1527094646.79,1527094703.91
314,491,1,outside stairs,Event,,1527094685.291,1527094688.836
315,491,1,wheel behind,Event,,1527094688.845,1527094690.26
316,491,1,ramp,Section,,1527094703.911,1527094718.732
317,491,1,outside back,Section,,1527094718.731,1527094753.72
318,491,1,wheel behind,Event,,1527094719.194,1527094724.677
319,491,1,lobby back,Section,,1527094753.72,1527094778.865
320,491,1,wheel behind,Event,,1527094774.546,1527094811.53
321,491,1,hallway back,Section,,1527094809.922,1527094851.328
322,491,2,Sync,Event,,1527095214.133,1527095215.698
323,491,2,hallway forward,Section,,1527095259.163,1527095297.781
324,491,2,wheel behind,Event,,1527095309.388,1527095330.793
325,491,2,lobby forward,Section,,1527095330.784,1527095355.614
326,491,2,wheel behind,Event,,1527095339.984,1527095344.487
327,491,2,outside forward,Section,,1527095355.614,1527095409.82
328,491,2,outside stairs,Event,,1527095392.253,1527095396.832
329,491,2,ramp,Section,,1527095409.82,1527095424.457
330,491,2,wheel behind,Event,,1527095423.817,1527095432.781
331,491,2,outside back,Section,,1527095424.457,1527095461.062
332,491,2,lobby back,Section,,1527095461.062,1527095488.283
333,491,2,wheel behind,Event,,1527095484.613,1527095520.478
334,491,2,hallway back,Section,,1527095520.47,1527095561.191
335,491,2,wheel behind,Event,,1527095542.379,1527095548.237
336,527,1,Sync,Event,,1530261477.962,1530261480.386
337,527,1,hallway forward,Section,,1530261549.06,1530261601.353
338,527,1,other,Event,turn around,1530261595.41,1530261601.344
339,527,1,hallway back,Section,,1530261601.353,1530261651.541
340,527,1,other,Event,falls,1530261649.908,1530261653.701
341,527,2,Sync,Event,,1530262083.303,1530262085.786
342,527,2,hallway forward,Section,,1530262158.341,1530262211.711
343,527,2,other,Event,turn around,1530262206.365,1530262211.702
344,527,2,hallway back,Section,,1530262211.711,1530262256.646
345,733,1,Sync,Event,,1525276796.397,1525276798.253
346,733,1,hallway forward,Section,,1525276905.758,1525276947.864
347,733,1,lobby forward,Section,,1525277005.304,1525277038.3
348,733,1,blind,Event,,1525277007.29,1525277011.542
349,733,1,outside forward,Section,,1525277038.3,1525277100.694
350,733,1,outside stairs,Event,,1525277078.284,1525277083.924
351,733,1,ramp,Section,,1525277100.694,1525277118.234
352,733,1,outside back,Section,,1525277118.234,1525277155.384
353,733,1,lobby back,Section,,1525277155.384,1525277191.9
354,733,1,hallway back,Section,,1525277237.414,1525277275.885
355,733,2,Sync,Event,,1525278067.853,1525278069.321
356,733,2,hallway forward,Section,,1525278132.282,1525278210.627
357,733,2,pause,Event,,1525278241.055,1525278268.016
358,733,2,wheel behind,Event,,1525278268.049,1525278276.825
359,733,2,lobby forward,Section,,1525278269.583,1525278313.093
360,733,2,other,Event,turn around,1525278313.126,1525278320.9
361,733,2,lobby back,Section,,1525278320.934,1525278357.937
362,733,2,wheel behind,Event,,1525278320.967,1525278322.769
363,733,2,pause,Event,,1525278364.042,1525278387.132
364,733,2,wheel behind,Event,,1525278387.132,1525278398.843
365,733,2,hallway back,Section,,1525278409.52,1525278486.329
366,806,1,Sync,Event,,1528362994.597,1528362996.011
367,806,1,hallway forward,Section,,1528363060.233,1528363097.007
368,806,1,other,Event,slight hesitation,1528363098.573,1528363100.542
369,806,1,wheel behind,Event,,1528363110.095,1528363139.084
370,806,1,lobby forward,Section,,1528363138.57,1528363164.705
371,806,1,outside forward,Section,,1528363164.705,1528363216.781
372,806,1,outside stairs,Event,,1528363197.615,1528363203.726
373,806,1,ramp,Section,,1528363216.781,1528363230.677
374,806,1,outside back,Section,,1528363230.677,1528363279.151
375,806,1,other,Event,Camera fixed,1528363250.323,1528363264.977
376,806,1,lobby back,Section,,1528363279.151,1528363307.895
377,806,1,blind,Event,,1528363295.749,1528363300.749
378,806,1,wheel behind,Event,,1528363300.749,1528363304.739
379,806,1,wheel behind,Event,,1528363305.749,1528363332.927
380,806,1,blind,Event,,1528363332.927,1528363334.964
381,806,1,wheel behind,Event,,1528363334.964,1528363337.287
382,806,1,hallway back,Section,,1528363343.465,1528363378.16
383,806,2,Sync,Event,,1528363511.15,1528363512.607
384,806,2,hallway forward,Section,,1528363543.396,1528363581.196
385,806,2,wheel behind,Event,,1528363591.894,1528363618.551
386,806,2,other,Event,turn around,1528363618.551,1528363623.408
387,806,2,lobby forward,Section,,1528363623.416,1528363646.041
388,806,2,outside forward,Section,,1528363646.041,1528363700.541
389,806,2,outside stairs,Event,,1528363679.078,1528363685.399
390,806,2,ramp,Section,,1528363700.541,1528363716.803
391,806,2,outside back,Section,,1528363716.803,1528363752.087
392,806,2,lobby back,Section,,1528363752.087,1528363780.578
393,806,2,wheel behind,Event,,1528363776.9,1528363804.575
394,806,2,wheel behind,Event,,1528363806.233,1528363810.332
395,806,2,hallway back,Section,,1528363813.396,1528363848.386
396,863,1,Sync,Event,,1528367715.274,1528367716.402
397,863,1,hallway forward,Section,,1528367777.105,1528367808.072
398,863,1,wheel behind,Event,,1528367781.247,1528367784.42
399,863,1,wheel behind,Event,,1528367817.692,1528367834.998
400,863,1,lobby forward,Section,,1528367832.229,1528367856.848
401,863,1,wheel behind,Event,,1528367840.62,1528367843.23
402,863,1,outside forward,Section,,1528367856.848,1528367901.644
403,863,1,outside stairs,Event,,1528367887.023,1528367890.112
404,863,1,ramp,Section,,1528367901.644,1528367911.323
405,863,1,outside back,Section,,1528367911.323,1528367939.571
406,863,1,wheel behind,Event,,1528367912.022,1528367916.634
407,863,1,lobby back,Section,,1528367939.571,1528367963.071
408,863,1,wheel behind,Event,,1528367959.241,1528367987.244
409,863,1,hallway back,Section,,1528367991.083,1528368024.422
410,863,2,Sync,Event,,1528368244.114,1528368245.368
411,863,2,hallway forward,Section,,1528368278.636,1528368311.214
412,863,2,wheel behind,Event,,1528368320.987,1528368337.613
413,863,2,lobby forward,Section,,1528368336.51,1528368359.954
414,863,2,outside forward,Section,,1528368359.954,1528368404.662
415,863,2,outside stairs,Event,,1528368390.604,1528368394.005
416,863,2,ramp,Section,,1528368404.662,1528368415.673
417,863,2,outside back,Section,,1528368415.673,1528368445.009
418,863,2,lobby back,Section,,1528368445.009,1528368466.787
419,863,2,wheel behind,Event,,1528368464.556,1528368492.226
420,863,2,hallway back,Section,,1528368495.509,1528368529.45
421,896,1,Sync,Event,,1530802328.488,1530802329.91
422,896,1,hallway forward,Section,,1530802400.882,1530802477.317
423,896,1,pause,Event,,1530802476.746,1530802491.289
424,896,1,other,Event,turn around,1530802491.289,1530802494.792
425,896,1,hallway back,Section,,1530802503.217,1530802567.236
426,896,2,Sync,Event,,1530802773.552,1530802774.94
427,896,2,hallway forward,Section,,1530802904.891,1530802986.814
428,915,1,Sync,Event,,1527698178.752,1527698180.646
429,915,1,hallway forward,Section,,1527698232.73,1527698278.88
430,915,1,wheel behind,Event,,1527698286.321,1527698332.724
431,915,1,pause,Event,,1527698332.724,1527698376.678
432,915,1,pause,Event,,1527698381.862,1527698409.899
433,915,1,lobby forward,Section,,1527698411.751,1527698464.879
434,915,1,outside forward,Section,,1527698464.879,1527698516.964
435,915,1,other,Event,turn around,1527698513.976,1527698516.955
436,915,1,outside back,Section,,1527698516.964,1527698560.555
437,915,1,lobby back,Section,,1527698560.555,1527698652.393
438,915,1,pause,Event,,1527698611.184,1527698640.988
439,915,1,pause,Event,,1527698654.531,1527698681.314
440,915,1,hallway back,Section,,1527698696.784,1527698744.904
441,915,2,Sync,Event,,1527698831.219,1527698833.374
442,915,2,hallway forward,Section,,1527698891.257,1527698933.536
443,915,2,wheel behind,Event,,1527698943.846,1527698945.328
444,915,2,pause,Event,,1527698945.328,1527698960.075
445,915,2,pause,Event,,1527698967.028,1527698992.127
446,915,2,lobby forward,Section,,1527698998.835,1527699046.273
447,915,2,outside forward,Section,,1527699046.273,1527699090.48
448,915,2,blind,Event,,1527699085.69,1527699087.391
449,915,2,other,Event,turn around,1527699088.046,1527699090.471
450,915,2,outside back,Section,,1527699090.48,1527699127.717
451,915,2,wheel behind,Event,,1527699111.253,1527699131.084
452,915,2,lobby back,Section,,1527699127.717,1527699221.279
453,915,2,wheel behind,Event,,1527699141.664,1527699144.533
454,915,2,wheel behind,Event,,1527699156.124,1527699157.917
455,915,2,pause,Event,,1527699182.721,1527699207.13
456,915,2,hallway back,Section,,1527699221.279,1527699262.667
457,921,1,Sync,Event,,1527181799.998,1527181801.345
458,921,1,hallway forward,Section,,1527181888.926,1527181957.423
459,921,1,other,Event,turn around,1527181982.854,1527181988.477
460,921,1,other,Event,robe adjusted,1527181995.935,1527182004.926
461,921,1,other,Event,robe adjusted,1527182011.492,1527182022.494
462,921,1,hallway back,Section,,1527182034.683,1527182098.652
463,921,2,Sync,Event,,1527182945.874,1527182947.364
464,921,2,hallway forward,Section,,1527182997.656,1527183058.124
465,921,2,wheel behind,Event,,1527183017.259,1527183023.336
466,921,2,other,Event,turn around,1527183079.629,1527183089.586
467,921,2,wheel behind,Event,,1527183109.004,1527183113.415
468,921,2,hallway back,Section,,1527183116.622,1527183173.992
469,929,1,Sync,Event,,1525797936.824,1525797939.355
470,929,1,hallway forward,Section,,1525798020.372,1525798110.938
471,929,1,wheel behind,Event,,1525798043.25,1525798049.391
472,929,1,wheel behind,Event,,1525798101.355,1525798106.551
473,929,1,pause,Event,,1525798136.313,1525798159.697
474,929,1,lobby forward,Section,,1525798162.565,1525798249.689
475,929,1,outside forward,Section,,1525798249.689,1525798334.08
476,929,1,other,Event,turn around,1525798324.362,1525798334.047
477,929,1,outside back,Section,,1525798334.08,1525798399.913
478,929,1,lobby back,Section,,1525798399.913,1525798524.458
479,929,1,wheel behind,Event,,1525798445.635,1525798451.709
480,929,1,pause,Event,,1525798479.951,1525798511.096
481,929,1,other,Event,turn,1525798511.096,1525798514.977
482,929,1,wheel behind,Event,,1525798514.977,1525798519.498
483,929,1,wheel behind,Event,,1525798522.94,1525798527.293
484,929,1,pause,Event,,1525798527.293,1525798551.554
485,929,1,hallway back,Section,,1525798565.692,1525798639.252
486,969,1,Sync,Event,,1526569497.849,1526569499.84
487,969,1,hallway forward,Section,,1526569573.872,1526569651.481
488,969,1,wheel behind,Event,,1526569659.748,1526569668.622
489,969,1,pause,Event,,1526569680.028,1526569705.908
490,969,1,wheel behind,Event,,1526569705.908,1526569718.225
491,969,1,lobby forward,Section,,1526569709.418,1526569765.06
492,969,1,wheel behind,Event,,1526569765.127,1526569779.131
493,969,1,lobby back,Section,,1526569772.956,1526569829.678
494,969,1,pause,Event,,1526569832.951,1526569849.654
495,969,1,wheel behind,Event,,1526569849.654,1526569866.356
496,969,1,hallway back,Section,,1526569874.219,1526569931.615
497,969,2,Sync,Event,,1526570684.476,1526570686.602
498,969,2,hallway forward,Section,,1526570734.551,1526570801.902
499,969,2,wheel behind,Event,,1526570770.015,1526570823.328
500,969,2,pause,Event,,1526570823.329,1526570845.464
501,969,2,wheel behind,Event,,1526570845.498,1526570852.82
502,969,2,lobby forward,Section,,1526570850.829,1526570905.054
503,969,2,other,Event,turn around,1526570905.088,1526570909.205
504,969,2,lobby back,Section,,1526570912.107,1526570986.24
505,969,2,wheel behind,Event,,1526570912.141,1526570915.65
506,969,2,pause,Event,,1526570972.271,1526570983.709
507,969,2,pause,Event,,1526570991.943,1526571012.83
508,969,2,blind,Event,,1526571012.83,1526571019.511
509,969,2,hallway back,Section,,1526571030.342,1526571095.034
510,988,1,Sync,Event,,1528364465.865,1528364467.54
511,988,1,hallway forward,Section,,1528364556.718,1528364590.597
512,988,1,wheel behind,Event,,1528364602.313,1528364620.889
513,988,1,lobby forward,Section,,1528364623.904,1528364649.213
514,988,1,outside forward,Section,,1528364649.213,1528364710.421
515,988,1,outside stairs,Event,,1528364686.661,1528364694.127
516,988,1,ramp,Section,,1528364710.421,1528364725.689
517,988,1,outside back,Section,,1528364725.69,1528364759.409
518,988,1,lobby back,Section,,1528364759.408,1528364787.74
519,988,1,wheel behind,Event,,1528364783.977,1528364812.317
520,988,1,hallway back,Section,,1528364820.911,1528364854.496
521,988,2,Sync,Event,,1528364996.237,1528364997.618
522,988,2,hallway forward,Section,,1528365088.521,1528365121.853
523,988,2,wheel behind,Event,,1528365099.548,1528365113.486
524,988,2,wheel behind,Event,,1528365134.832,1528365153.206
525,988,2,lobby forward,Section,,1528365153.214,1528365178.087
526,988,2,outside forward,Section,,1528365178.087,1528365230.685
527,988,2,outside stairs,Event,,1528365213.093,1528365217.832
528,988,2,ramp,Section,,1528365230.685,1528365247.19
529,988,2,outside back,Section,,1528365247.19,1528365277.996
530,988,2,lobby back,Section,,1528365277.996,1528365305.066
531,988,2,wheel behind,Event,,1528365305.057,1528365330.039
532,988,2,hallway back,Section,,1528365339.297,1528365374.986
